x,x,x,x,x,x,x,x,x,x,x,x,x,x,x,x,x,x,x
x,x,x,x,x,x,x,x,x,x,x,x,x,x,x,x,x,x,x
x,x,x,x,x,x,x,x,x,x,x,x,x,x,x,x,x,x,x
x,x,x,x,x,x,x,x,x,x,x,x,x,x,x,x,x,x,x
x,x,x,x,x,x,x,x,x,x,x,x,x,x,x,x,x,x,x
x,x,x,x,x,x,x,x,x,x,x,x,x,x,x,x,x,x,x
x,x,x,x,x,x,x,x,x,x,x,x,x,x,x,x,x,x,x
x,x,x,x,x,x,x,x,x,x,x,x,x,x,x,x,x,x,x
x,x,x,x,x,x,x,x,x,x,x,x,x,x,x,x,x,x,x
x,x,x,x,x,x,x,230-138-0,230-138-0,230-138-0,230-138-0,x,x,x,x,x,x,x,x
x,x,x,x,x,x,x,x,230-138-0,230-138-0,x,x,x,x,x,x,,x,x
x,x,x,x,x,x,x,x,x,x,x,x,x,x,x,x,,x,x
x,x,x,x,x,x,x,x,x,x,x,x,x,x,x,x,,x,x
x,x,x,x,x,x,x,x,x,x,x,x,x,x,x,x,x,x,x
x,x,x,x,x,x,x,x,x,x,x,x,x,x,x,x,x,x,x
x,x,x,x,230-138-0,230-138-0,230-138-0,x,x,x,x,230-138-0,230-138-0,230-138-0,x,x,x,x,x
x,x,x,x,x,x,x,x,x,x,x,x,x,x,x,x,x,x,x