249-238-10,249-238-10,249-238-10,249-238-10,249-238-10,249-238-10,249-238-10,249-238-10,249-238-10,249-238-10,249-238-10,249-238-10,249-238-10,249-238-10,249-238-10,249-238-10,249-238-10,249-238-10,249-238-10,249-238-10
249-238-10,249-238-10,249-238-10,249-238-10,249-238-10,249-238-10,249-238-10,249-238-10,249-238-10,249-25-10,249-238-10,249-238-10,249-238-10,249-238-10,249-238-10,249-238-10,249-238-10,249-238-10,249-238-10,249-238-10
x,249-238-10,249-238-10,249-238-10,249-238-10,249-238-10,249-238-10,249-238-10,249-238-10,249-25-10,249-238-10,249-238-10,249-238-10,249-238-10,249-238-10,249-238-10,249-238-10,249-238-10,249-238-10,x
x,249-238-10,249-238-10,249-238-10,249-238-10,249-238-10,249-238-10,249-25-10,249-238-10,249-25-10,249-238-10,249-238-10,249-238-10,249-238-10,249-238-10,249-238-10,249-238-10,249-238-10,249-238-10,x
x,x,249-238-10,249-238-10,249-238-10,249-238-10,249-238-10,249-25-10,249-238-10,249-238-10,249-238-10,249-238-10,249-238-10,249-238-10,249-238-10,249-238-10,249-238-10,249-238-10,x,x
x,x,249-238-10,249-238-10,249-238-10,249-238-10,249-238-10,249-25-10,249-25-10,249-25-10,249-238-10,249-238-10,249-238-10,249-238-10,249-238-10,249-238-10,249-238-10,249-238-10,x,x
x,x,x,249-238-10,249-238-10,249-238-10,249-238-10,249-25-10,249-25-10,249-25-10,249-238-10,249-238-10,249-238-10,249-238-10,249-238-10,249-238-10,249-238-10,x,x,x
x,x,x,249-238-10,249-238-10,249-238-10,249-238-10,249-238-10,249-25-10,249-25-10,249-238-10,249-238-10,249-238-10,249-238-10,249-238-10,249-238-10,249-238-10,x,x,x
x,x,x,x,249-238-10,249-238-10,249-238-10,249-238-10,249-25-10,249-25-10,249-238-10,249-238-10,249-238-10,249-238-10,249-238-10,249-238-10,x,x,x,x
x,x,x,x,249-238-10,249-238-10,249-238-10,249-238-10,249-238-10,249-25-10,249-238-10,249-238-10,249-238-10,249-238-10,249-238-10,249-238-10,x,x,x,x
x,x,x,x,x,249-238-10,249-238-10,249-238-10,249-238-10,10-54-249,10-54-249,249-238-10,249-238-10,249-238-10,249-238-10,x,x,x,x,x
x,x,x,x,x,249-238-10,249-238-10,249-238-10,10-54-249,10-54-249,10-54-249,10-54-249,249-238-10,249-238-10,249-238-10,x,x,x,x,x
x,x,x,x,x,x,249-238-10,10-54-249,10-54-249,10-54-249,10-54-249,10-54-249,10-54-249,249-238-10,x,x,x,x,x,x
x,x,x,x,x,x,249-238-10,10-54-249,10-54-249,10-54-249,10-54-249,10-54-249,10-54-249,249-238-10,x,x,x,x,x,x
x,x,x,x,x,x,x,249-238-10,10-54-249,10-54-249,10-54-249,10-54-249,249-238-10,x,x,x,x,x,x,x
x,x,x,x,x,x,x,249-238-10,10-54-249,10-54-249,10-54-249,10-54-249,249-238-10,x,x,x,x,x,x,x
x,x,x,x,x,x,x,x,249-238-10,10-54-249,10-54-249,249-238-10,x,x,x,x,x,x,x,x
x,x,x,x,x,x,x,x,249-238-10,10-54-249,10-54-249,249-238-10,x,x,x,x,x,x,x,x
x,x,x,x,x,x,x,x,x,249-238-10,249-238-10,x,x,x,x,x,x,x,x,x
x,x,x,x,x,x,x,x,x,249-238-10,249-238-10,x,x,x,x,x,x,x,x,x
